--Data insert (Catagory) 
insert into Category values('Phone','Sony,'Work','0000001');
insert into Category values('Phone','Samsuang,'Work','0000002');
insert into Category values('Phone','Apple,'Work','0000003');
insert into Category values('Phone','Lenovo,'Work','0000004');
insert into Category values('Laptop','Sony,'Work','0000005');
insert into Category values('Laptop','Samsuang,'Work','0000006');
insert into Category values('Laptop','Apple,'Work','0000007');
insert into Category values('Laptop','Lenovo,'Work','0000008');
insert into Category values('Monitor','Sony,'Home','0000009');
insert into Category values('Monitor','Samsuang,'Home','0000010');
insert into Category values('Monitor','Apple,'Home','0000011');
insert into Category values('Monitor','Lenovo,'Home','0000012');
insert into Category values('TV','Sony,'Home','0000013');
insert into Category values('TV','Samsuang,'Home','0000014');
insert into Category values('TV','Apple,'Home','0000015');
insert into Category values('TV','Lenovo,'Home','0000016');

--Data insert (Product) 
insert into Product values('0000001','S-Phone','1500');
insert into Product values('0000002','Sam-Phone','1700');
insert into Product values('0000003','iPhone','2200');
insert into Product values('0000004','L-Phone','1200');
insert into Product values('0000005','S-Laptop','3200');
insert into Product values('0000006','Sam-Laptop','4200');
insert into Product values('0000007','Macbook','5400');
insert into Product values('0000008','L-Laptop','3700');
insert into Product values('0000009','S-Monitor','2340');
insert into Product values('0000010','Sam-Monitor','4380');
insert into Product values('0000011','Apple-Monitor','1200');
insert into Product values('0000012','L-Monitor','2750');
insert into Product values('0000013','S-TV','1247');
insert into Product values('0000014','Sam-TV','2435');
insert into Product values('0000015','Apple-TV','2846');
insert into Product values('0000016','L-TV','1548');

--Data insert (Inventory) 
--仓库
insert into Inventory values('0000001','001','100');
insert into Inventory values('0000002','001','100');
insert into Inventory values('0000003','001','100');
insert into Inventory values('0000004','001','100');
insert into Inventory values('0000005','001','100');
insert into Inventory values('0000006','001','100');
insert into Inventory values('0000007','001','100');
insert into Inventory values('0000008','001','100');
insert into Inventory values('0000009','001','100');
insert into Inventory values('0000010','001','100');
insert into Inventory values('0000011','001','100');
insert into Inventory values('0000012','001','100');
insert into Inventory values('0000013','001','100');
insert into Inventory values('0000014','001','100');
insert into Inventory values('0000015','001','100');
insert into Inventory values('0000016','001','100');
--实体店
insert into Inventory values('0000001','002','100');
insert into Inventory values('0000002','002','100');
insert into Inventory values('0000003','002','100');
insert into Inventory values('0000004','002','100');
insert into Inventory values('0000005','002','100');
insert into Inventory values('0000006','002','100');
insert into Inventory values('0000007','002','100');
insert into Inventory values('0000008','002','100');
insert into Inventory values('0000009','002','100');
insert into Inventory values('0000010','002','100');
insert into Inventory values('0000011','002','100');
insert into Inventory values('0000012','002','100');
insert into Inventory values('0000013','002','100');
insert into Inventory values('0000014','002','100');
insert into Inventory values('0000015','002','100');
insert into Inventory values('0000016','002','100');

--Data insert (Stock) 
insert into Stock values('001','Warehouse','A01');
insert into Stock values('002','Store','A02');


--Data insert (Address) 

